{
  "rows": [
    {
      "invoice_uuid": "5eb17466-6abe-4dd6-b144-284448cf939c",
      "created_at": "2026-01-31T18:32:52.173677",
      "sessionId": "c14d06cc-2fe2-412d-ac12-64054dfd08f7",
      "current_comments": "",
      "joining_date": null,
      "ending_date": null,
      "template": "",
      "addl_comments": "",
      "approved_hours": 15,
      "bill_pay_initiated_on": null,
      "payment_details": {
        "Beneficiary_Name": "Chung Chang",
        "Total_Amount": 2340.0,
        "Account_Number": "003854140210",
        "Bank_Name": "Bank of America",
        "Bank_Code": "011900571",
        "Currency": "USD"
      },
      "doc_name": "20260131_183243_Invoice_1_completed.pdf",
      "approval_status": "Complete",
      "invoice_received_date": "2026-01-31T18:32:52.173689",
      "invoice_number": "007",
      "consultancy_name": "Chung Chang",
      "resource_name": "Chung Chang",
      "pay_period_start": "2025-12-01",
      "pay_period_end": "2025-12-31",
      "vendor_hours": 15.0,
      "pay_rate": 156.0,
      "invoice_amount": 2340.0,
      "invoice_date": "2026-01-21",
      "project_name": "Project Consultancy fees for month of December",
      "last_event_type": "dashboard_approved_hours",
      "last_updated_at": "2026-01-31T18:33:49.145625",
      "last_agent_text": "**Payment Summary for Accounts Team:**\n\n- **Beneficiary Name:** Chung Chang\n- **Total Amount:** $2,340.00\n- **Account Number:** 003854140210\n- **Bank Name:** Bank of America\n- **Bank Code:** 011900571\n- **Currency:** USD\n\n**Final JSON for External Systems:**\n\n```json\n{\n  \"Beneficiary_Name\": \"Chung Chang\",\n  \"Total_Amount\": 2340.00,\n  \"Account_Number\": \"003854140210\",\n  \"Bank_Name\": \"Bank of America\",\n  \"Bank_Code\": \"011900571\",\n  \"Currency\": \"USD\"\n}\n```\n\n**Workflow Status:** Complete\n\n****",
      "last_agent_name": null,
      "business_unit": "",
      "full_text": "Consultant Name: Chung Chang\nAddress:\nZIP CODE:\nCity\n721 Glasgow Cir., Danville CA 94526\nCountry\nPhone\n646-417-1927\nINVOICE\nBill To\nName\niLink Systems, Inc\nDate\nJan 21/2026\nAddress\n18912 North Creek Pkwy Suite 208\nInvoice No.\n007\nCity:\nBothell WA 98011\nAPOA Ref\nVendor No.\nEmployee No.\n20014567\nDescription\nHrs\nRate / Hr\nCurrency\nTOTAL\nProject Consultancy fees for month of\nDecember\n15\n$156\nUSD\n$2,340.00\nSubTotal\nPayment Details\n$2,340.00\nCheck\nVAT\nn/a\nTransfer\nBeneficiary Name\nTOTAL\nChung Chang\n$2,340.00\nAccount No.\n003854140210\nBank Name\nBank of America\nSigned By: Chung Chang\nCountry\nUSA\nBank Code\n011900571\nApproved By:",
      "extracted_text": [
        "Consultant Name: Chung Chang",
        "Address:",
        "ZIP CODE:",
        "City",
        "721 Glasgow Cir., Danville CA 94526",
        "Country",
        "Phone",
        "646-417-1927",
        "INVOICE",
        "Bill To",
        "Name",
        "iLink Systems, Inc",
        "Date",
        "Jan 21/2026",
        "Address",
        "18912 North Creek Pkwy Suite 208",
        "Invoice No.",
        "007",
        "City:",
        "Bothell WA 98011",
        "APOA Ref",
        "Vendor No.",
        "Employee No.",
        "20014567",
        "Description",
        "Hrs",
        "Rate / Hr",
        "Currency",
        "TOTAL",
        "Project Consultancy fees for month of",
        "December",
        "15",
        "$156",
        "USD",
        "$2,340.00",
        "SubTotal",
        "Payment Details",
        "$2,340.00",
        "Check",
        "VAT",
        "n/a",
        "Transfer",
        "Beneficiary Name",
        "TOTAL",
        "Chung Chang",
        "$2,340.00",
        "Account No.",
        "003854140210",
        "Bank Name",
        "Bank of America",
        "Signed By: Chung Chang",
        "Country",
        "USA",
        "Bank Code",
        "011900571",
        "Approved By:"
      ],
      "timestamp": "2026-01-31T18:32:48.636591",
      "beneficiary_name": "Chung Chang",
      "account_number": "003854140210",
      "bank_name": "Bank of America",
      "bank_code": "011900571",
      "currency": "USD"
    },
    {
      "invoice_uuid": "dd3d1740-0b2f-4daf-8037-cd39962bf9b0",
      "created_at": "2026-01-31T18:34:23.197157",
      "sessionId": "661a8d07-089c-41af-992f-2a26877f6c0e",
      "current_comments": "",
      "joining_date": null,
      "ending_date": null,
      "template": "",
      "addl_comments": "",
      "approved_hours": 149.5,
      "bill_pay_initiated_on": null,
      "payment_details": {
        "Invoice_Number": "1205",
        "Vendor_Name": "Keen Technology Solutions LLC",
        "Resource_Name": "Rajendra Charry",
        "Start_Date": "2025-12-01",
        "End_Date": "2025-12-31",
        "Invoice_Hours": 168,
        "Hourly_Rate": 89,
        "Total_Amount": 14952.0,
        "Payment_Terms": "Net 30",
        "Invoice_Date": "2026-01-09",
        "Business_Unit": null,
        "Project_Name": null
      },
      "doc_name": "20260131_183414_Invoice_2_completed.pdf",
      "approval_status": "NEED APPROVAL",
      "invoice_received_date": "2026-01-31T18:34:23.197174",
      "invoice_number": "1205",
      "consultancy_name": "Keen Technology Solutions LLC",
      "resource_name": "Rajendra Charry",
      "pay_period_start": "2025-12-01",
      "pay_period_end": "2025-12-31",
      "vendor_hours": 168.0,
      "pay_rate": 89.0,
      "invoice_amount": 14952.0,
      "net_terms": "Net 30",
      "invoice_date": "2026-01-09",
      "last_event_type": "dashboard_approved_hours",
      "last_updated_at": "2026-01-31T18:37:09.849686",
      "last_agent_text": "**Comparison of Timesheet and Invoice Hours:**\n\n- **Timesheet Hours:** 149.5\n- **Invoice Hours:** 168.0\n\n**Result:**\n\n- **Case 3:** Invoice Exceeds Timesheet (168.0 > 149.5)\n\n**Action:**\n\n- Manual check required\n-",
      "last_agent_name": null,
      "business_unit": "",
      "project_name": "",
      "full_text": "INVOICE\nKeen Technology Solutions LLC\naccounts@keentechnos.com\n3200 Balcones Dr\n+1 (972) 666-6227\nIrving, TX 75063-0161\nBill to\nShip to\nILINK DIGITAL INC.\nILINK DIGITAL INC.\nILINK DIGITAL INC.\nILINK DIGITAL INC.\n18912 North Creek Pkwy\n18912 North Creek Pkwy\nSuite 208\nSuite 208\nBothell, WA 98011\nBothell, WA 98011\nInvoice details\nInvoice no .: 1205\nTerms: Net 30\nInvoice date: 01/09/2026\nDue date: 02/08/2026\n#\nProduct or service\nDescription\nQty\nRate\nAmount\n1.\nRajendra Charry\nConsulting services for the period of Dec\n168\n$89\n- $14,952.00 -\n2025\nTotal\n$14,952.00",
      "extracted_text": [
        "INVOICE",
        "Keen Technology Solutions LLC",
        "accounts@keentechnos.com",
        "3200 Balcones Dr",
        "+1 (972) 666-6227",
        "Irving, TX 75063-0161",
        "Bill to",
        "Ship to",
        "ILINK DIGITAL INC.",
        "ILINK DIGITAL INC.",
        "ILINK DIGITAL INC.",
        "ILINK DIGITAL INC.",
        "18912 North Creek Pkwy",
        "18912 North Creek Pkwy",
        "Suite 208",
        "Suite 208",
        "Bothell, WA 98011",
        "Bothell, WA 98011",
        "Invoice details",
        "Invoice no .: 1205",
        "Terms: Net 30",
        "Invoice date: 01/09/2026",
        "Due date: 02/08/2026",
        "#",
        "Product or service",
        "Description",
        "Qty",
        "Rate",
        "Amount",
        "1.",
        "Rajendra Charry",
        "Consulting services for the period of Dec",
        "168",
        "$89",
        "- $14,952.00 -",
        "2025",
        "Total",
        "$14,952.00"
      ],
      "timestamp": "2026-01-31T18:34:19.847760"
    },
    {
      "invoice_uuid": "9b217c12-36e2-40dd-ad57-ced1cdef9303",
      "created_at": "2026-01-31T18:38:51.906152",
      "sessionId": "a285198c-a38e-410c-bb60-d56feb7fc4d7",
      "current_comments": "",
      "joining_date": null,
      "ending_date": null,
      "template": "",
      "addl_comments": "",
      "approved_hours": 19.5,
      "bill_pay_initiated_on": null,
      "payment_details": {
        "Invoice_Number": "6509",
        "Vendor_Name": "SDH SYSTEMS LLC",
        "Resource_Name": "Krishna Sarthi",
        "Invoice_Date": "2025-12-08",
        "Due_Date": "2026-01-07",
        "Total_Amount": 2496.0,
        "Payment_Terms": "Net 30"
      },
      "doc_name": "20260131_183843_Invoice_3_completed.pdf",
      "approval_status": "Complete",
      "invoice_received_date": "2026-01-31T18:38:51.906166",
      "invoice_number": "6509",
      "consultancy_name": "SDH SYSTEMS LLC",
      "resource_name": "Krishna Sarthi",
      "pay_period_start": "2025-11-01",
      "pay_period_end": "2025-11-30",
      "vendor_hours": 32.0,
      "pay_rate": 78.0,
      "invoice_amount": 2496.0,
      "net_terms": "Net 30",
      "invoice_date": "2025-12-08",
      "last_event_type": "dashboard_approved_hours",
      "last_updated_at": "2026-02-02T21:08:13.250463",
      "last_agent_text": "**Payment Summary:**\n\n- **Invoice Number:** 6509\n- **Vendor Name:** SDH SYSTEMS LLC\n- **Resource Name:** Krishna Sarthi\n- **Invoice Date:** 2025-12-08\n- **Due Date:** 2026-01-07\n- **Total Amount:** $2,496.00\n- **Payment Terms:** Net 30\n\n**JSON Output for External Systems:**\n\n```json\n{\n  \"Invoice_Number\": \"6509\",\n  \"Vendor_Name\": \"SDH SYSTEMS LLC\",\n  \"Resource_Name\": \"Krishna Sarthi\",\n  \"Invoice_Date\": \"2025-12-08\",\n  \"Due_Date\": \"2026-01-07\",\n  \"Total_Amount\": 2496.00,\n  \"Payment_Terms\": \"Net 30\"\n}\n```\n\n**Workflow Status: Complete**\n\n****",
      "last_agent_name": null,
      "business_unit": "",
      "project_name": "",
      "full_text": "INVOICE\nSDH SYSTEMS LLC\nhr@sdhsystems.com\n14 Inverness Dr E, Suite H-220\n+1 (812) 963-4734\nSDH\nEnglewood, CO 80112\nwww.sdhsystems.com\nsystems\nBill to\nShip to\niLink Systems\niLink Systems\niLink Systems\niLink Systems\nInvoice details\nInvoice no .: 6509\nTerms: Net 30\nInvoice date: 12/08/2025\nDue date: 01/07/2026\n#\nDate\nProduct or service\nDescription\nQty\nRate\nAmount\n1.\nHours\nKrishna Sarthi- Nov 2025\n32\n$78\n$2,496.00\nTotal\nWays to pay\n$2,496.00\nBANK\nView and pay",
      "extracted_text": [
        "INVOICE",
        "SDH SYSTEMS LLC",
        "hr@sdhsystems.com",
        "14 Inverness Dr E, Suite H-220",
        "+1 (812) 963-4734",
        "SDH",
        "Englewood, CO 80112",
        "www.sdhsystems.com",
        "systems",
        "Bill to",
        "Ship to",
        "iLink Systems",
        "iLink Systems",
        "iLink Systems",
        "iLink Systems",
        "Invoice details",
        "Invoice no .: 6509",
        "Terms: Net 30",
        "Invoice date: 12/08/2025",
        "Due date: 01/07/2026",
        "#",
        "Date",
        "Product or service",
        "Description",
        "Qty",
        "Rate",
        "Amount",
        "1.",
        "Hours",
        "Krishna Sarthi- Nov 2025",
        "32",
        "$78",
        "$2,496.00",
        "Total",
        "Ways to pay",
        "$2,496.00",
        "BANK",
        "View and pay"
      ],
      "timestamp": "2026-01-31T18:38:48.453107",
      "due_date": "2026-01-07"
    },
    {
      "invoice_uuid": "d81050f5-95cf-49dc-9930-b5608a166e17",
      "created_at": "2026-01-31T20:57:11.981280",
      "sessionId": "458b6557-24c2-48e1-a2a6-cb3506fba57a",
      "current_comments": "",
      "joining_date": null,
      "ending_date": null,
      "template": null,
      "addl_comments": "",
      "approved_hours": null,
      "bill_pay_initiated_on": null,
      "payment_details": {
        "Vendor_Name": "SDH SYSTEMS LLC",
        "Invoice_Number": "6509",
        "Total_Amount_Due": 2496.0,
        "Due_Date": "2026-01-07",
        "Payment_Terms": "Net 30",
        "Payment_Method": "BANK"
      },
      "doc_name": "20260131_205649_Invoice_3_completed.pdf",
      "approval_status": "Complete",
      "invoice_received_date": "2026-01-31T20:57:11.981292",
      "consultancy_name": "SDH SYSTEMS LLC",
      "invoice_number": "6509",
      "total_amount_due": 2496.0,
      "due_date": "2026-01-07",
      "net_terms": "Net 30",
      "payment_method": "BANK",
      "last_event_type": "workflow_next_participant",
      "last_updated_at": "2026-01-31T20:57:16.571004",
      "last_agent_text": "Please try again in a little while.",
      "last_agent_name": null
    },
    {
      "invoice_uuid": "7e40d6a8-7e27-45d0-9e47-f73124c520c2",
      "created_at": "2026-02-02T12:53:08.231102",
      "sessionId": "1bffeade-1489-441d-96b9-2beafbff0cf9",
      "current_comments": "",
      "joining_date": null,
      "ending_date": null,
      "template": null,
      "addl_comments": "",
      "approved_hours": null,
      "bill_pay_initiated_on": null,
      "payment_details": null,
      "doc_name": "20260202_125253_Invoice_3_completed.pdf",
      "approval_status": "success",
      "invoice_received_date": "2026-02-02T12:53:08.231119",
      "invoice__number": "6509",
      "vendor__name": "SDH SYSTEMS LLC",
      "resource__name": "Krishna Sarthi",
      "start__date": "2025-11-01",
      "end__date": "2025-11-30",
      "invoice__hours": 32,
      "hourly__rate": 78,
      "total__amount": 2496.0,
      "payment__terms": "Net 30",
      "invoice__date": "2025-12-08",
      "last_event_type": "workflow_next_participant",
      "last_updated_at": "2026-02-02T12:53:33.773599",
      "last_agent_text": "**Invoice Summary:**\n\n- **Invoice Number:** 6509\n- **Vendor Name:** SDH SYSTEMS LLC\n- **Resource Name:** Krishna Sarthi\n- **Invoice Hours:** 32\n- **Hourly Rate:** $78\n- **Total Amount:** $2,496.00\n- **Invoice Date:** 12/08/2025\n- **Payment Terms:** Net 30\n\n**Request for Timesheet Hours Input:**\n\nPlease enter the number of hours worked for the timesheet. Ensure the number is a positive value within the range of 0 to 744 hours.Please enter the number of hours worked:Please enter the number of hours worked:Please enter the number of hours worked:Please enter the number of hours worked:Please enter the number of hours worked:Please enter the number of hours worked:Please enter the number of hours worked:Please enter the number of hours worked:Please enter the number of hours worked:Please enter the number of hours worked:Please enter the number of hours worked:Please enter the number of hours worked:Please enter the number of hours worked:Please enter the number of hours worked:",
      "last_agent_name": null,
      "full_text": "INVOICE\nSDH SYSTEMS LLC\nhr@sdhsystems.com\n14 Inverness Dr E, Suite H-220\n+1 (812) 963-4734\nSDH\nEnglewood, CO 80112\nwww.sdhsystems.com\nsystems\nBill to\nShip to\niLink Systems\niLink Systems\niLink Systems\niLink Systems\nInvoice details\nInvoice no .: 6509\nTerms: Net 30\nInvoice date: 12/08/2025\nDue date: 01/07/2026\n#\nDate\nProduct or service\nDescription\nQty\nRate\nAmount\n1.\nHours\nKrishna Sarthi- Nov 2025\n32\n$78\n$2,496.00\nTotal\nWays to pay\n$2,496.00\nBANK\nView and pay",
      "extracted_text": [
        "INVOICE",
        "SDH SYSTEMS LLC",
        "hr@sdhsystems.com",
        "14 Inverness Dr E, Suite H-220",
        "+1 (812) 963-4734",
        "SDH",
        "Englewood, CO 80112",
        "www.sdhsystems.com",
        "systems",
        "Bill to",
        "Ship to",
        "iLink Systems",
        "iLink Systems",
        "iLink Systems",
        "iLink Systems",
        "Invoice details",
        "Invoice no .: 6509",
        "Terms: Net 30",
        "Invoice date: 12/08/2025",
        "Due date: 01/07/2026",
        "#",
        "Date",
        "Product or service",
        "Description",
        "Qty",
        "Rate",
        "Amount",
        "1.",
        "Hours",
        "Krishna Sarthi- Nov 2025",
        "32",
        "$78",
        "$2,496.00",
        "Total",
        "Ways to pay",
        "$2,496.00",
        "BANK",
        "View and pay"
      ],
      "timestamp": "2026-02-02T12:53:00.227833"
    },
    {
      "invoice_uuid": "50b78294-678e-4982-82a8-580b33617353",
      "created_at": "2026-02-02T12:54:16.790978",
      "sessionId": "e2e662f2-34a0-4527-91c5-9893583b6ac7",
      "current_comments": "",
      "joining_date": null,
      "ending_date": null,
      "template": "",
      "addl_comments": "",
      "approved_hours": 129.5,
      "bill_pay_initiated_on": null,
      "payment_details": {
        "Invoice_Number": "20876",
        "Vendor_Name": "Sigmago Solutions Inc",
        "Total_Amount": 24336.0,
        "Payment_Method": "ACH Payments",
        "Bank_Name": "Chase Bank",
        "Account_Number": "758756032",
        "Routing_Number": "111000614"
      },
      "doc_name": "20260202_125405_Invoice_4_completed.pdf",
      "approval_status": "Complete",
      "invoice_received_date": "2026-02-02T12:54:16.790991",
      "invoice_number": "20876",
      "consultancy_name": "Sigmago Solutions Inc",
      "resource_name": "Rishan Muneer - UI/UX designer",
      "pay_period_start": "2025-11-01",
      "pay_period_end": "2025-11-30",
      "vendor_hours": 144.0,
      "pay_rate": 169.0,
      "invoice_amount": 24336.0,
      "net_terms": "Net 30",
      "invoice_date": "2025-12-20",
      "last_event_type": "dashboard_approved_hours",
      "last_updated_at": "2026-02-04T21:55:26.199023",
      "last_agent_text": "**Payment Details:**\n\n- **Invoice Number:** 20876\n- **Vendor Name:** Sigmago Solutions Inc\n- **Total Amount:** $24,336.00\n- **Payment Method:** ACH Payments\n- **Bank Name:** Chase Bank\n- **Account Number:** 758756032\n- **Routing Number:** 111000614\n\n**JSON for External Systems:**\n\n```json\n{\n  \"Invoice_Number\": \"20876\",\n  \"Vendor_Name\": \"Sigmago Solutions Inc\",\n  \"Total_Amount\": 24336.00,\n  \"Payment_Method\": \"ACH Payments\",\n  \"Bank_Name\": \"Chase Bank\",\n  \"Account_Number\": \"758756032\",\n  \"Routing_Number\": \"111000614\"\n}\n```\n\n**Workflow Status:** Complete\n\n**Action:**",
      "last_agent_name": null,
      "business_unit": "iLink Digital Inc",
      "project_name": "Consulting services Invoice for Rishan Muneer - UI/UX designer NOVEMBER",
      "payment_method": "ACH Payments",
      "bank_name": "Chase Bank",
      "account_number": "758756032",
      "routing_number": "111000614",
      "due_date": "2026-01-19"
    },
    {
      "invoice_uuid": "0f0b1719-f3f5-43c5-a7e5-fe3c58c6fdfd",
      "created_at": "2026-02-02T21:07:28.798624",
      "sessionId": "52cbe47c-fd0c-4136-9432-0aa958ffc9e2",
      "current_comments": "",
      "joining_date": null,
      "ending_date": null,
      "template": "",
      "addl_comments": "",
      "approved_hours": 32,
      "bill_pay_initiated_on": null,
      "payment_details": {
        "Invoice_Number": "6509",
        "Vendor_Name": "SDH SYSTEMS LLC",
        "Resource_Name": "Krishna Sarthi",
        "Start_Date": "2025-11-01",
        "End_Date": "2025-11-30",
        "Invoice_Hours": 32,
        "Hourly_Rate": 78,
        "Total_Amount": 2496.0,
        "Payment_Terms": "Net 30",
        "Invoice_Date": "2025-12-08",
        "Business_Unit": null,
        "Project_Name": null
      },
      "doc_name": "20260202_210716_Invoice_3_completed.pdf",
      "approval_status": "success",
      "invoice_received_date": "2026-02-02T21:07:28.798637",
      "invoice_number": "6509",
      "consultancy_name": "SDH SYSTEMS LLC",
      "resource_name": "Krishna Sarthi",
      "pay_period_start": "2025-11-01",
      "pay_period_end": "2025-11-30",
      "vendor_hours": 32.0,
      "pay_rate": 78.0,
      "invoice_amount": 2496.0,
      "net_terms": "Net 30",
      "invoice_date": "2025-12-08",
      "last_event_type": "dashboard_approved_hours",
      "last_updated_at": "2026-02-02T23:29:45.709463",
      "last_agent_text": "**Invoice Verification Summary:**\n\n- **Invoice Number:** 6509\n- **Resource Name:** Krishna Sarthi\n- **Approved Hours:** 32\n- **Vendor Hours:** 32.0\n\n**Status: Hours Verified and Approved**\n\nThe approved hours match the vendor hours. You can proceed with payment processing.\n\n****",
      "last_agent_name": null,
      "business_unit": "",
      "project_name": "",
      "full_text": "INVOICE\nSDH SYSTEMS LLC\nhr@sdhsystems.com\n14 Inverness Dr E, Suite H-220\n+1 (812) 963-4734\nSDH\nEnglewood, CO 80112\nwww.sdhsystems.com\nsystems\nBill to\nShip to\niLink Systems\niLink Systems\niLink Systems\niLink Systems\nInvoice details\nInvoice no .: 6509\nTerms: Net 30\nInvoice date: 12/08/2025\nDue date: 01/07/2026\n#\nDate\nProduct or service\nDescription\nQty\nRate\nAmount\n1.\nHours\nKrishna Sarthi- Nov 2025\n32\n$78\n$2,496.00\nTotal\nWays to pay\n$2,496.00\nBANK\nView and pay",
      "extracted_text": [
        "INVOICE",
        "SDH SYSTEMS LLC",
        "hr@sdhsystems.com",
        "14 Inverness Dr E, Suite H-220",
        "+1 (812) 963-4734",
        "SDH",
        "Englewood, CO 80112",
        "www.sdhsystems.com",
        "systems",
        "Bill to",
        "Ship to",
        "iLink Systems",
        "iLink Systems",
        "iLink Systems",
        "iLink Systems",
        "Invoice details",
        "Invoice no .: 6509",
        "Terms: Net 30",
        "Invoice date: 12/08/2025",
        "Due date: 01/07/2026",
        "#",
        "Date",
        "Product or service",
        "Description",
        "Qty",
        "Rate",
        "Amount",
        "1.",
        "Hours",
        "Krishna Sarthi- Nov 2025",
        "32",
        "$78",
        "$2,496.00",
        "Total",
        "Ways to pay",
        "$2,496.00",
        "BANK",
        "View and pay"
      ],
      "timestamp": "2026-02-02T21:07:24.058701"
    },
    {
      "invoice_uuid": "0f45aac4-2682-4763-900d-78f3ea3e9e8f",
      "created_at": "2026-02-03T21:34:14.259153",
      "sessionId": "27b14113-3a33-485b-a28b-3bcb93bb8b26",
      "current_comments": "",
      "joining_date": null,
      "ending_date": null,
      "template": "",
      "addl_comments": "",
      "approved_hours": 129.5,
      "bill_pay_initiated_on": null,
      "payment_details": {
        "Invoice_Number": "20876",
        "Vendor_Name": "Sigmago Solutions Inc",
        "Resource_Name": "Rishan Muneer - UI/UX designer",
        "Start_Date": "2025-11-01",
        "End_Date": "2025-11-30",
        "Invoice_Hours": 144,
        "Hourly_Rate": 169,
        "Total_Amount": 24336.0,
        "Payment_Terms": "Net 30",
        "Invoice_Date": "2025-12-20",
        "Business_Unit": "iLink Digital Inc",
        "Project_Name": "Consulting services Invoice for Rishan"
      },
      "doc_name": "20260203_213403_Invoice_4_completed.pdf",
      "approval_status": "Pending",
      "invoice_received_date": "2026-02-03T21:34:14.259166",
      "invoice_number": "20876",
      "consultancy_name": "Sigmago Solutions Inc",
      "resource_name": "Rishan Muneer - UI/UX designer",
      "pay_period_start": "2025-11-01",
      "pay_period_end": "2025-11-30",
      "vendor_hours": 144.0,
      "pay_rate": 169.0,
      "invoice_amount": 24336.0,
      "net_terms": "Net 30",
      "invoice_date": "2025-12-20",
      "business_unit": "iLink Digital Inc",
      "project_name": "Consulting services Invoice for Rishan",
      "last_event_type": "upload",
      "last_updated_at": "2026-02-03T21:35:01.983950",
      "last_agent_text": "**Extracted Information:**\n\n- **Invoice_Number:** 20876\n- **Vendor_Name:** Sigmago Solutions Inc\n- **Resource_Name:** Rishan Muneer - UI/UX designer\n- **Start_Date:** 2025-11-01 (Assuming November 2025 as the start month)\n- **End_Date:** 2025-11-30 (Assuming November 2025 as the end month)\n- **Invoice_Hours:** 144\n- **Hourly_Rate:** 169\n- **Total_Amount:** 24336.00\n- **Payment_Terms:** Net 30\n- **Invoice_Date:** 2025-12-20\n- **Business_Unit:** iLink Digital Inc\n- **Project_Name:** Consulting services Invoice for Rishan\n\n**Structured JSON Output:**\n\n```json\n{\n  \"Invoice_Number\": \"20876\",\n  \"Vendor_Name\": \"Sigmago Solutions Inc\",\n  \"Resource_Name\": \"Rishan Muneer - UI/UX designer\",\n  \"Start_Date\": \"2025-11-01\",\n  \"End_Date\": \"2025-11-30\",\n  \"Invoice_Hours\": 144,\n  \"Hourly_Rate\": 169,\n  \"Total_Amount\": 24336.00,\n  \"Payment_Terms\": \"Net 30\",\n  \"Invoice_Date\": \"2025-12-20\",\n  \"Business_Unit\": \"iLink Digital Inc\",\n  \"Project_Name\": \"Consulting services Invoice for Rishan\"\n}\n```\n\n****",
      "last_agent_name": null
    },
    {
      "invoice_uuid": "1a14e8a4-6b5b-4573-97ab-acfefe8a69b8",
      "created_at": "2026-02-04T14:50:41.841474",
      "sessionId": "de3d6dfa-f2bb-48e9-ae55-adc6ce5b83ba",
      "current_comments": "",
      "joining_date": null,
      "ending_date": null,
      "template": "",
      "addl_comments": "",
      "approved_hours": 152,
      "bill_pay_initiated_on": null,
      "payment_details": {
        "Invoice_Number": "2025-0108-3059",
        "Vendor_Name": "ConvexTech Inc.",
        "Resource_Name": "Vaishnavi Shastrula",
        "Total_Amount": 16720.0,
        "Payment_Terms": "Net 30",
        "Due_Date": "2026-02-19",
        "Remit_To_Address": "10315 Fountain Shore Dr, Missouri City, TX 77459"
      },
      "doc_name": "20260204_145029_Invoice_5_completed.pdf",
      "approval_status": "Complete",
      "invoice_received_date": "2026-02-04T14:50:41.841486",
      "invoice_number": "2025-0108-3059",
      "consultancy_name": "ConvexTech Inc.",
      "resource_name": "Vaishnavi Shastrula",
      "pay_period_start": "2025-12-01",
      "pay_period_end": "2025-12-31",
      "vendor_hours": 152.0,
      "pay_rate": 110.0,
      "invoice_amount": 16720.0,
      "net_terms": "Net 30",
      "invoice_date": "2026-01-20",
      "last_event_type": "workflow_next_participant",
      "last_updated_at": "2026-02-04T22:20:09.023365",
      "last_agent_text": "**CSV-style String for Excel Export:**\n\n```\nInvoice_Number,Vendor_Name,Resource_Name,Start_Date,End_Date,Invoice_Hours,Hourly_Rate,Total_Amount,Payment_Terms,Invoice_Date,Business_Unit,Project_Name\n2025-0108-3059,ConvexTech Inc.,Vaishnavi Shastrula,2025-12-01,2025-12-31,152,110,16720.00,Net 30,2026-01-20,, \n```\n\n**Data for External Code:**\n\n```json\n{\n  \"Invoice_Number\": \"2025-0108-3059\",\n  \"Vendor_Name\": \"ConvexTech Inc.\",\n  \"Resource_Name\": \"Vaishnavi Shastrula\",\n  \"Start_Date\": \"2025-12-01\",\n  \"End_Date\": \"2025-12-31\",\n  \"Invoice_Hours\": 152,\n  \"Hourly_Rate\": 110,\n  \"Total_Amount\": 16720.00,\n  \"Payment_Terms\": \"Net 30\",\n  \"Invoice_Date\": \"2026-01-20\",\n  \"Business_Unit\": null,\n  \"Project_Name\": null\n}\n```\n\n**Signal: Data is ready for Excel write.**\n\n****.",
      "last_agent_name": null,
      "full_text": "CONVEXTECH\nPowering Businesses with Next-Gen Solutions\nINVOICE\nBILL TO\nINVOICE\n2025-0108-3059\niLink Digital Inc.\nDATE\n01/20/2026\n22232 17th Ave SE Suite 312 10027 Park Meadow Drive, Bothell WA 98021.\nTERMS\nNet 30\nDUE DATE\n02/19/2026\nDESCRIPTION\nQTY\nRATE\nAMOUNT\nVaishnavi Shastrula for Dec 2025\n152\n$110\nL\n$16,720.00\nPlease remit payment to\nBALANCE DUE\nConvexTech Inc.\n$16,720.00\n10315 Fountain Shore Dr\nMissouri City TX 77459\nPay invoice\nPage 1 of 1",
      "extracted_text": [
        "CONVEXTECH",
        "Powering Businesses with Next-Gen Solutions",
        "INVOICE",
        "BILL TO",
        "INVOICE",
        "2025-0108-3059",
        "iLink Digital Inc.",
        "DATE",
        "01/20/2026",
        "22232 17th Ave SE Suite 312 10027 Park Meadow Drive, Bothell WA 98021.",
        "TERMS",
        "Net 30",
        "DUE DATE",
        "02/19/2026",
        "DESCRIPTION",
        "QTY",
        "RATE",
        "AMOUNT",
        "Vaishnavi Shastrula for Dec 2025",
        "152",
        "$110",
        "L",
        "$16,720.00",
        "Please remit payment to",
        "BALANCE DUE",
        "ConvexTech Inc.",
        "$16,720.00",
        "10315 Fountain Shore Dr",
        "Missouri City TX 77459",
        "Pay invoice",
        "Page 1 of 1"
      ],
      "timestamp": "2026-02-04T14:50:34.739519",
      "business_unit": "",
      "project_name": "",
      "due_date": "2026-02-19",
      "remit_to_address": "10315 Fountain Shore Dr, Missouri City, TX 77459"
    },
    {
      "invoice_uuid": "e054f78b-014e-4d4d-ba20-910d288d19c5",
      "created_at": "2026-02-04T21:54:36.971701",
      "sessionId": "0db5f679-928d-4ccf-ac83-97212ebb2673",
      "current_comments": "",
      "joining_date": null,
      "ending_date": null,
      "template": "",
      "addl_comments": "",
      "approved_hours": 144,
      "bill_pay_initiated_on": null,
      "payment_details": {
        "Invoice_Number": "20876",
        "Vendor_Name": "Sigmago Solutions Inc",
        "Resource_Name": "Rishan Muneer - UI/UX designer",
        "Start_Date": "2025-11-01",
        "End_Date": "2025-11-30",
        "Invoice_Hours": 144,
        "Hourly_Rate": 169,
        "Total_Amount": 24336.0,
        "Payment_Terms": "Net 30",
        "Invoice_Date": "2025-12-20",
        "Business_Unit": null,
        "Project_Name": "Consulting services Invoice for Rishan Muneer - UI/UX designer NOVEMBER"
      },
      "doc_name": "20260204_215427_Invoice_4_completed.pdf",
      "approval_status": "Pending",
      "invoice_received_date": "2026-02-04T21:54:36.971710",
      "invoice_number": "20876",
      "consultancy_name": "Sigmago Solutions Inc",
      "resource_name": "Rishan Muneer - UI/UX designer",
      "pay_period_start": "2025-11-01",
      "pay_period_end": "2025-11-30",
      "vendor_hours": 144.0,
      "pay_rate": 169.0,
      "invoice_amount": 24336.0,
      "net_terms": "Net 30",
      "invoice_date": "2025-12-20",
      "project_name": "Consulting services Invoice for Rishan Muneer - UI/UX designer NOVEMBER",
      "last_event_type": "upload",
      "last_updated_at": "2026-02-04T21:55:19.120242",
      "last_agent_text": "**Extracted Information:**\n\n- **Invoice_Number:** 20876\n- **Vendor_Name:** Sigmago Solutions Inc\n- **Resource_Name:** Rishan Muneer - UI/UX designer\n- **Start_Date:** 2025-11-01\n- **End_Date:** 2025-11-30\n- **Invoice_Hours:** 144\n- **Hourly_Rate:** 169\n- **Total_Amount:** 24336.00\n- **Payment_Terms:** Net 30\n- **Invoice_Date:** 2025-12-20\n- **Business_Unit:** null\n- **Project_Name:** Consulting services Invoice for Rishan Muneer - UI/UX designer NOVEMBER\n\n**Structured JSON Output:**\n\n```json\n{\n  \"Invoice_Number\": \"20876\",\n  \"Vendor_Name\": \"Sigmago Solutions Inc\",\n  \"Resource_Name\": \"Rishan Muneer - UI/UX designer\",\n  \"Start_Date\": \"2025-11-01\",\n  \"End_Date\": \"2025-11-30\",\n  \"Invoice_Hours\": 144,\n  \"Hourly_Rate\": 169,\n  \"Total_Amount\": 24336.00,\n  \"Payment_Terms\": \"Net 30\",\n  \"Invoice_Date\": \"2025-12-20\",\n  \"Business_Unit\": null,\n  \"Project_Name\": \"Consulting services Invoice for Rishan Muneer - UI/UX designer NOVEMBER\"\n}\n```\n\n''",
      "last_agent_name": null,
      "business_unit": ""
    },
    {
      "invoice_uuid": "d09a9355-0569-44bb-bce7-3c4eff2ec752",
      "created_at": "2026-02-04T22:20:03.230019",
      "sessionId": "c4963404-3bc7-4275-91f6-648b316f864c",
      "current_comments": "",
      "joining_date": null,
      "ending_date": null,
      "template": null,
      "addl_comments": "",
      "approved_hours": null,
      "bill_pay_initiated_on": null,
      "payment_details": {
        "Invoice_Number": "2025-0108-3059",
        "Vendor_Name": "ConvexTech Inc.",
        "Resource_Name": "Vaishnavi Shastrula",
        "Start_Date": "2025-12-01",
        "End_Date": "2025-12-31",
        "Invoice_Hours": 152,
        "Hourly_Rate": 110,
        "Total_Amount": 16720.0,
        "Payment_Terms": "Net 30",
        "Invoice_Date": "2026-01-20",
        "Business_Unit": null,
        "Project_Name": null
      },
      "doc_name": "20260204_221952_Invoice_5_completed.pdf",
      "approval_status": "Pending",
      "invoice_received_date": "2026-02-04T22:20:03.230032",
      "invoice_number": "2025-0108-3059",
      "consultancy_name": "ConvexTech Inc.",
      "resource_name": "Vaishnavi Shastrula",
      "pay_period_start": "2025-12-01",
      "pay_period_end": "2025-12-31",
      "vendor_hours": 152.0,
      "pay_rate": 110.0,
      "invoice_amount": 16720.0,
      "net_terms": "Net 30",
      "invoice_date": "2026-01-20",
      "last_event_type": "upload",
      "last_updated_at": "2026-02-04T22:20:03.231535",
      "last_agent_text": "**Extracted Information:**\n\n- **Invoice_Number:** 2025-0108-3059\n- **Vendor_Name:** ConvexTech Inc.\n- **Resource_Name:** Vaishnavi Shastrula\n- **Start_Date:** 2025-12-01 (Assumed start of December 2025)\n- **End_Date:** 2025-12-31 (Assumed end of December 2025)\n- **Invoice_Hours:** 152\n- **Hourly_Rate:** 110\n- **Total_Amount:** 16720.00\n- **Payment_Terms:** Net 30\n- **Invoice_Date:** 2026-01-20\n- **Business_Unit:** null\n- **Project_Name:** null\n\n**Structured JSON Output:**\n\n```json\n{\n  \"Invoice_Number\": \"2025-0108-3059\",\n  \"Vendor_Name\": \"ConvexTech Inc.\",\n  \"Resource_Name\": \"Vaishnavi Shastrula\",\n  \"Start_Date\": \"2025-12-01\",\n  \"End_Date\": \"2025-12-31\",\n  \"Invoice_Hours\": 152,\n  \"Hourly_Rate\": 110,\n  \"Total_Amount\": 16720.00,\n  \"Payment_Terms\": \"Net 30\",\n  \"Invoice_Date\": \"2026-01-20\",\n  \"Business_Unit\": null,\n  \"Project_Name\": null\n}\n```\n\n****",
      "last_agent_name": null
    }
  ]
}